date,header,name,odds_order,odds_name,odds,odds_enabled
2024-02-28T17:41:54.525144,Celkovo - Víťaz,Pellegrini Peter,1.55,áno,1.55,True
2024-02-28T17:41:54.525144,Celkovo - Víťaz,Korčok Ivan,2.35,áno,2.35,True
2024-02-28T17:41:54.525144,Celkovo - Víťaz,Kubiš Ján,5000.0,áno,5000.0,True
2024-02-28T17:41:54.525144,Celkovo - Víťaz,Harabin Štefan,200.0,áno,200.0,True
2024-02-28T17:41:54.525144,Celkovo - Víťaz,Forró Krisztián,5000.0,áno,5000.0,True
2024-02-28T17:41:54.525144,Celkovo - Víťaz,Kotleba Marian,5500.0,áno,5500.0,True
2024-02-28T17:41:54.525144,Celkovo - Víťaz,Danko Andrej,5500.0,áno,5500.0,True
2024-02-28T17:41:54.525144,Celkovo - Víťaz,Náhlik Milan,6000.0,áno,6000.0,True
2024-02-28T17:41:54.525144,Celkovo - Víťaz,Matovič Igor,4000.0,áno,4000.0,True
2024-02-28T17:41:54.525144,Celkovo - Víťaz,Dubovský Patrik,5500.0,áno,5500.0,True
2024-02-28T17:41:54.525144,Celkovo - Víťaz,Švec Róbert,6000.0,áno,6000.0,True
2024-02-28T20:17:38.674861,Celkovo - Víťaz,Pellegrini Peter,1.55,áno,1.55,True
2024-02-28T20:17:38.674861,Celkovo - Víťaz,Korčok Ivan,2.35,áno,2.35,True
2024-02-28T20:17:38.674861,Celkovo - Víťaz,Kubiš Ján,5000.0,áno,5000.0,True
2024-02-28T20:17:38.674861,Celkovo - Víťaz,Harabin Štefan,200.0,áno,200.0,True
2024-02-28T20:17:38.674861,Celkovo - Víťaz,Forró Krisztián,5000.0,áno,5000.0,True
2024-02-28T20:17:38.674861,Celkovo - Víťaz,Kotleba Marian,5500.0,áno,5500.0,True
2024-02-28T20:17:38.674861,Celkovo - Víťaz,Danko Andrej,5500.0,áno,5500.0,True
2024-02-28T20:17:38.674861,Celkovo - Víťaz,Náhlik Milan,6000.0,áno,6000.0,True
2024-02-28T20:17:38.674861,Celkovo - Víťaz,Matovič Igor,4000.0,áno,4000.0,True
2024-02-28T20:17:38.674861,Celkovo - Víťaz,Dubovský Patrik,5500.0,áno,5500.0,True
2024-02-28T20:17:38.674861,Celkovo - Víťaz,Švec Róbert,6000.0,áno,6000.0,True
2024-02-29T04:17:31.805328,Celkovo - Víťaz,Pellegrini Peter,1.55,áno,1.55,True
2024-02-29T04:17:31.805328,Celkovo - Víťaz,Korčok Ivan,2.35,áno,2.35,True
2024-02-29T04:17:31.805328,Celkovo - Víťaz,Kubiš Ján,5000.0,áno,5000.0,True
2024-02-29T04:17:31.805328,Celkovo - Víťaz,Harabin Štefan,200.0,áno,200.0,True
2024-02-29T04:17:31.805328,Celkovo - Víťaz,Forró Krisztián,5000.0,áno,5000.0,True
2024-02-29T04:17:31.805328,Celkovo - Víťaz,Kotleba Marian,5500.0,áno,5500.0,True
2024-02-29T04:17:31.805328,Celkovo - Víťaz,Danko Andrej,5500.0,áno,5500.0,True
2024-02-29T04:17:31.805328,Celkovo - Víťaz,Náhlik Milan,6000.0,áno,6000.0,True
2024-02-29T04:17:31.805328,Celkovo - Víťaz,Matovič Igor,4000.0,áno,4000.0,True
2024-02-29T04:17:31.805328,Celkovo - Víťaz,Dubovský Patrik,5500.0,áno,5500.0,True
2024-02-29T04:17:31.805328,Celkovo - Víťaz,Švec Róbert,6000.0,áno,6000.0,True
2024-02-29T12:18:27.866667,Celkovo - Víťaz,Pellegrini Peter,1.5,áno,1.5,True
2024-02-29T12:18:27.866667,Celkovo - Víťaz,Korčok Ivan,2.45,áno,2.45,True
2024-02-29T12:18:27.866667,Celkovo - Víťaz,Kubiš Ján,5000.0,áno,5000.0,True
2024-02-29T12:18:27.866667,Celkovo - Víťaz,Harabin Štefan,200.0,áno,200.0,True
2024-02-29T12:18:27.866667,Celkovo - Víťaz,Forró Krisztián,5000.0,áno,5000.0,True
2024-02-29T12:18:27.866667,Celkovo - Víťaz,Kotleba Marian,5500.0,áno,5500.0,True
2024-02-29T12:18:27.866667,Celkovo - Víťaz,Danko Andrej,5500.0,áno,5500.0,True
2024-02-29T12:18:27.866667,Celkovo - Víťaz,Náhlik Milan,6000.0,áno,6000.0,True
2024-02-29T12:18:27.866667,Celkovo - Víťaz,Matovič Igor,4000.0,áno,4000.0,True
2024-02-29T12:18:27.866667,Celkovo - Víťaz,Dubovský Patrik,5500.0,áno,5500.0,True
2024-02-29T12:18:27.866667,Celkovo - Víťaz,Švec Róbert,6000.0,áno,6000.0,True
2024-02-29T20:17:57.256005,Celkovo - Víťaz,Pellegrini Peter,1.5,áno,1.5,True
2024-02-29T20:17:57.256005,Celkovo - Víťaz,Korčok Ivan,2.45,áno,2.45,True
2024-02-29T20:17:57.256005,Celkovo - Víťaz,Kubiš Ján,5000.0,áno,5000.0,True
2024-02-29T20:17:57.256005,Celkovo - Víťaz,Harabin Štefan,200.0,áno,200.0,True
2024-02-29T20:17:57.256005,Celkovo - Víťaz,Forró Krisztián,5000.0,áno,5000.0,True
2024-02-29T20:17:57.256005,Celkovo - Víťaz,Kotleba Marian,5500.0,áno,5500.0,True
2024-02-29T20:17:57.256005,Celkovo - Víťaz,Danko Andrej,5500.0,áno,5500.0,True
2024-02-29T20:17:57.256005,Celkovo - Víťaz,Náhlik Milan,6000.0,áno,6000.0,True
2024-02-29T20:17:57.256005,Celkovo - Víťaz,Matovič Igor,4000.0,áno,4000.0,True
2024-02-29T20:17:57.256005,Celkovo - Víťaz,Dubovský Patrik,5500.0,áno,5500.0,True
2024-02-29T20:17:57.256005,Celkovo - Víťaz,Švec Róbert,6000.0,áno,6000.0,True
2024-03-01T04:17:53.599561,Celkovo - Víťaz,Pellegrini Peter,1.5,áno,1.5,True
2024-03-01T04:17:53.599561,Celkovo - Víťaz,Korčok Ivan,2.45,áno,2.45,True
2024-03-01T04:17:53.599561,Celkovo - Víťaz,Kubiš Ján,5000.0,áno,5000.0,True
2024-03-01T04:17:53.599561,Celkovo - Víťaz,Harabin Štefan,200.0,áno,200.0,True
2024-03-01T04:17:53.599561,Celkovo - Víťaz,Forró Krisztián,5000.0,áno,5000.0,True
2024-03-01T04:17:53.599561,Celkovo - Víťaz,Kotleba Marian,5500.0,áno,5500.0,True
2024-03-01T04:17:53.599561,Celkovo - Víťaz,Danko Andrej,5500.0,áno,5500.0,True
2024-03-01T04:17:53.599561,Celkovo - Víťaz,Náhlik Milan,6000.0,áno,6000.0,True
2024-03-01T04:17:53.599561,Celkovo - Víťaz,Matovič Igor,4000.0,áno,4000.0,True
2024-03-01T04:17:53.599561,Celkovo - Víťaz,Dubovský Patrik,5500.0,áno,5500.0,True
2024-03-01T04:17:53.599561,Celkovo - Víťaz,Švec Róbert,6000.0,áno,6000.0,True
2024-03-01T12:18:33.431766,Celkovo - Víťaz,Pellegrini Peter,1.5,áno,1.5,True
2024-03-01T12:18:33.431766,Celkovo - Víťaz,Korčok Ivan,2.45,áno,2.45,True
2024-03-01T12:18:33.431766,Celkovo - Víťaz,Kubiš Ján,5000.0,áno,5000.0,True
2024-03-01T12:18:33.431766,Celkovo - Víťaz,Harabin Štefan,200.0,áno,200.0,True
2024-03-01T12:18:33.431766,Celkovo - Víťaz,Forró Krisztián,5000.0,áno,5000.0,True
2024-03-01T12:18:33.431766,Celkovo - Víťaz,Kotleba Marian,5500.0,áno,5500.0,True
2024-03-01T12:18:33.431766,Celkovo - Víťaz,Danko Andrej,5500.0,áno,5500.0,True
2024-03-01T12:18:33.431766,Celkovo - Víťaz,Náhlik Milan,6000.0,áno,6000.0,True
2024-03-01T12:18:33.431766,Celkovo - Víťaz,Matovič Igor,4000.0,áno,4000.0,True
2024-03-01T12:18:33.431766,Celkovo - Víťaz,Dubovský Patrik,5500.0,áno,5500.0,True
2024-03-01T12:18:33.431766,Celkovo - Víťaz,Švec Róbert,6000.0,áno,6000.0,True
2024-03-01T20:17:48.887563,Celkovo - Víťaz,Pellegrini Peter,1.55,áno,1.55,True
2024-03-01T20:17:48.887563,Celkovo - Víťaz,Korčok Ivan,2.4,áno,2.4,True
2024-03-01T20:17:48.887563,Celkovo - Víťaz,Kubiš Ján,5000.0,áno,5000.0,True
2024-03-01T20:17:48.887563,Celkovo - Víťaz,Harabin Štefan,200.0,áno,200.0,True
2024-03-01T20:17:48.887563,Celkovo - Víťaz,Forró Krisztián,5000.0,áno,5000.0,True
2024-03-01T20:17:48.887563,Celkovo - Víťaz,Kotleba Marian,5500.0,áno,5500.0,True
2024-03-01T20:17:48.887563,Celkovo - Víťaz,Danko Andrej,5500.0,áno,5500.0,True
2024-03-01T20:17:48.887563,Celkovo - Víťaz,Náhlik Milan,6000.0,áno,6000.0,True
2024-03-01T20:17:48.887563,Celkovo - Víťaz,Matovič Igor,4000.0,áno,4000.0,True
2024-03-01T20:17:48.887563,Celkovo - Víťaz,Dubovský Patrik,5500.0,áno,5500.0,True
2024-03-01T20:17:48.887563,Celkovo - Víťaz,Švec Róbert,6000.0,áno,6000.0,True
2024-03-02T04:17:30.081396,Celkovo - Víťaz,Pellegrini Peter,1.55,áno,1.55,True
2024-03-02T04:17:30.081396,Celkovo - Víťaz,Korčok Ivan,2.4,áno,2.4,True
2024-03-02T04:17:30.081396,Celkovo - Víťaz,Kubiš Ján,5000.0,áno,5000.0,True
2024-03-02T04:17:30.081396,Celkovo - Víťaz,Harabin Štefan,200.0,áno,200.0,True
2024-03-02T04:17:30.081396,Celkovo - Víťaz,Forró Krisztián,5000.0,áno,5000.0,True
2024-03-02T04:17:30.081396,Celkovo - Víťaz,Kotleba Marian,5500.0,áno,5500.0,True
2024-03-02T04:17:30.081396,Celkovo - Víťaz,Danko Andrej,5500.0,áno,5500.0,True
2024-03-02T04:17:30.081396,Celkovo - Víťaz,Náhlik Milan,6000.0,áno,6000.0,True
2024-03-02T04:17:30.081396,Celkovo - Víťaz,Matovič Igor,4000.0,áno,4000.0,True
2024-03-02T04:17:30.081396,Celkovo - Víťaz,Dubovský Patrik,5500.0,áno,5500.0,True
2024-03-02T04:17:30.081396,Celkovo - Víťaz,Švec Róbert,6000.0,áno,6000.0,True
2024-03-02T12:18:04.337105,Celkovo - Víťaz,Pellegrini Peter,1.55,áno,1.55,True
2024-03-02T12:18:04.337105,Celkovo - Víťaz,Korčok Ivan,2.4,áno,2.4,True
2024-03-02T12:18:04.337105,Celkovo - Víťaz,Kubiš Ján,5000.0,áno,5000.0,True
2024-03-02T12:18:04.337105,Celkovo - Víťaz,Harabin Štefan,200.0,áno,200.0,True
2024-03-02T12:18:04.337105,Celkovo - Víťaz,Forró Krisztián,5000.0,áno,5000.0,True
2024-03-02T12:18:04.337105,Celkovo - Víťaz,Kotleba Marian,5500.0,áno,5500.0,True
2024-03-02T12:18:04.337105,Celkovo - Víťaz,Danko Andrej,5500.0,áno,5500.0,True
2024-03-02T12:18:04.337105,Celkovo - Víťaz,Náhlik Milan,6000.0,áno,6000.0,True
2024-03-02T12:18:04.337105,Celkovo - Víťaz,Matovič Igor,4000.0,áno,4000.0,True
2024-03-02T12:18:04.337105,Celkovo - Víťaz,Dubovský Patrik,5500.0,áno,5500.0,True
2024-03-02T12:18:04.337105,Celkovo - Víťaz,Švec Róbert,6000.0,áno,6000.0,True
2024-03-02T20:16:56.332532,Celkovo - Víťaz,Pellegrini Peter,1.55,áno,1.55,True
2024-03-02T20:16:56.332532,Celkovo - Víťaz,Korčok Ivan,2.4,áno,2.4,True
2024-03-02T20:16:56.332532,Celkovo - Víťaz,Kubiš Ján,5000.0,áno,5000.0,True
2024-03-02T20:16:56.332532,Celkovo - Víťaz,Harabin Štefan,200.0,áno,200.0,True
2024-03-02T20:16:56.332532,Celkovo - Víťaz,Forró Krisztián,5000.0,áno,5000.0,True
2024-03-02T20:16:56.332532,Celkovo - Víťaz,Kotleba Marian,5500.0,áno,5500.0,True
2024-03-02T20:16:56.332532,Celkovo - Víťaz,Danko Andrej,5500.0,áno,5500.0,True
2024-03-02T20:16:56.332532,Celkovo - Víťaz,Náhlik Milan,6000.0,áno,6000.0,True
2024-03-02T20:16:56.332532,Celkovo - Víťaz,Matovič Igor,4000.0,áno,4000.0,True
2024-03-02T20:16:56.332532,Celkovo - Víťaz,Dubovský Patrik,5500.0,áno,5500.0,True
2024-03-02T20:16:56.332532,Celkovo - Víťaz,Švec Róbert,6000.0,áno,6000.0,True
2024-03-03T04:18:03.997662,Celkovo - Víťaz,Pellegrini Peter,1.55,áno,1.55,True
2024-03-03T04:18:03.997662,Celkovo - Víťaz,Korčok Ivan,2.4,áno,2.4,True
2024-03-03T04:18:03.997662,Celkovo - Víťaz,Kubiš Ján,5000.0,áno,5000.0,True
2024-03-03T04:18:03.997662,Celkovo - Víťaz,Harabin Štefan,200.0,áno,200.0,True
2024-03-03T04:18:03.997662,Celkovo - Víťaz,Forró Krisztián,5000.0,áno,5000.0,True
2024-03-03T04:18:03.997662,Celkovo - Víťaz,Kotleba Marian,5500.0,áno,5500.0,True
2024-03-03T04:18:03.997662,Celkovo - Víťaz,Danko Andrej,5500.0,áno,5500.0,True
2024-03-03T04:18:03.997662,Celkovo - Víťaz,Náhlik Milan,6000.0,áno,6000.0,True
2024-03-03T04:18:03.997662,Celkovo - Víťaz,Matovič Igor,4000.0,áno,4000.0,True
2024-03-03T04:18:03.997662,Celkovo - Víťaz,Dubovský Patrik,5500.0,áno,5500.0,True
2024-03-03T04:18:03.997662,Celkovo - Víťaz,Švec Róbert,6000.0,áno,6000.0,True
2024-03-03T12:18:31.636073,Celkovo - Víťaz,Pellegrini Peter,1.55,áno,1.55,True
2024-03-03T12:18:31.636073,Celkovo - Víťaz,Korčok Ivan,2.4,áno,2.4,True
2024-03-03T12:18:31.636073,Celkovo - Víťaz,Kubiš Ján,5000.0,áno,5000.0,True
2024-03-03T12:18:31.636073,Celkovo - Víťaz,Harabin Štefan,200.0,áno,200.0,True
2024-03-03T12:18:31.636073,Celkovo - Víťaz,Forró Krisztián,5000.0,áno,5000.0,True
2024-03-03T12:18:31.636073,Celkovo - Víťaz,Kotleba Marian,5500.0,áno,5500.0,True
2024-03-03T12:18:31.636073,Celkovo - Víťaz,Danko Andrej,5500.0,áno,5500.0,True
2024-03-03T12:18:31.636073,Celkovo - Víťaz,Náhlik Milan,6000.0,áno,6000.0,True
2024-03-03T12:18:31.636073,Celkovo - Víťaz,Matovič Igor,4000.0,áno,4000.0,True
2024-03-03T12:18:31.636073,Celkovo - Víťaz,Dubovský Patrik,5500.0,áno,5500.0,True
2024-03-03T12:18:31.636073,Celkovo - Víťaz,Švec Róbert,6000.0,áno,6000.0,True
2024-03-03T20:17:22.968745,Celkovo - Víťaz,Pellegrini Peter,1.55,áno,1.55,True
2024-03-03T20:17:22.968745,Celkovo - Víťaz,Korčok Ivan,2.4,áno,2.4,True
2024-03-03T20:17:22.968745,Celkovo - Víťaz,Kubiš Ján,5000.0,áno,5000.0,True
2024-03-03T20:17:22.968745,Celkovo - Víťaz,Harabin Štefan,200.0,áno,200.0,True
2024-03-03T20:17:22.968745,Celkovo - Víťaz,Forró Krisztián,5000.0,áno,5000.0,True
2024-03-03T20:17:22.968745,Celkovo - Víťaz,Kotleba Marian,5500.0,áno,5500.0,True
2024-03-03T20:17:22.968745,Celkovo - Víťaz,Danko Andrej,5500.0,áno,5500.0,True
2024-03-03T20:17:22.968745,Celkovo - Víťaz,Náhlik Milan,6000.0,áno,6000.0,True
2024-03-03T20:17:22.968745,Celkovo - Víťaz,Matovič Igor,4000.0,áno,4000.0,True
2024-03-03T20:17:22.968745,Celkovo - Víťaz,Dubovský Patrik,5500.0,áno,5500.0,True
2024-03-03T20:17:22.968745,Celkovo - Víťaz,Švec Róbert,6000.0,áno,6000.0,True
2024-03-04T04:35:47.873780,Celkovo - Víťaz,Pellegrini Peter,1.55,áno,1.55,True
2024-03-04T04:35:47.873780,Celkovo - Víťaz,Korčok Ivan,2.4,áno,2.4,True
2024-03-04T04:35:47.873780,Celkovo - Víťaz,Kubiš Ján,5000.0,áno,5000.0,True
2024-03-04T04:35:47.873780,Celkovo - Víťaz,Harabin Štefan,200.0,áno,200.0,True
2024-03-04T04:35:47.873780,Celkovo - Víťaz,Forró Krisztián,5000.0,áno,5000.0,True
2024-03-04T04:35:47.873780,Celkovo - Víťaz,Kotleba Marian,5500.0,áno,5500.0,True
2024-03-04T04:35:47.873780,Celkovo - Víťaz,Danko Andrej,5500.0,áno,5500.0,True
2024-03-04T04:35:47.873780,Celkovo - Víťaz,Náhlik Milan,6000.0,áno,6000.0,True
2024-03-04T04:35:47.873780,Celkovo - Víťaz,Matovič Igor,4000.0,áno,4000.0,True
2024-03-04T04:35:47.873780,Celkovo - Víťaz,Dubovský Patrik,5500.0,áno,5500.0,True
2024-03-04T04:35:47.873780,Celkovo - Víťaz,Švec Róbert,6000.0,áno,6000.0,True
2024-03-04T12:20:25.781299,Celkovo - Víťaz,Pellegrini Peter,1.55,áno,1.55,True
2024-03-04T12:20:25.781299,Celkovo - Víťaz,Korčok Ivan,2.4,áno,2.4,True
2024-03-04T12:20:25.781299,Celkovo - Víťaz,Kubiš Ján,5000.0,áno,5000.0,True
2024-03-04T12:20:25.781299,Celkovo - Víťaz,Harabin Štefan,200.0,áno,200.0,True
2024-03-04T12:20:25.781299,Celkovo - Víťaz,Forró Krisztián,5000.0,áno,5000.0,True
2024-03-04T12:20:25.781299,Celkovo - Víťaz,Kotleba Marian,5500.0,áno,5500.0,True
2024-03-04T12:20:25.781299,Celkovo - Víťaz,Danko Andrej,5500.0,áno,5500.0,True
2024-03-04T12:20:25.781299,Celkovo - Víťaz,Náhlik Milan,6000.0,áno,6000.0,True
2024-03-04T12:20:25.781299,Celkovo - Víťaz,Matovič Igor,4000.0,áno,4000.0,True
2024-03-04T12:20:25.781299,Celkovo - Víťaz,Dubovský Patrik,5500.0,áno,5500.0,True
2024-03-04T12:20:25.781299,Celkovo - Víťaz,Švec Róbert,6000.0,áno,6000.0,True
2024-03-04T20:17:05.086808,Celkovo - Víťaz,Pellegrini Peter,1.55,áno,1.55,True
2024-03-04T20:17:05.086808,Celkovo - Víťaz,Korčok Ivan,2.4,áno,2.4,True
2024-03-04T20:17:05.086808,Celkovo - Víťaz,Kubiš Ján,5000.0,áno,5000.0,True
2024-03-04T20:17:05.086808,Celkovo - Víťaz,Harabin Štefan,200.0,áno,200.0,True
2024-03-04T20:17:05.086808,Celkovo - Víťaz,Forró Krisztián,5000.0,áno,5000.0,True
2024-03-04T20:17:05.086808,Celkovo - Víťaz,Kotleba Marian,5500.0,áno,5500.0,True
2024-03-04T20:17:05.086808,Celkovo - Víťaz,Danko Andrej,5500.0,áno,5500.0,True
2024-03-04T20:17:05.086808,Celkovo - Víťaz,Náhlik Milan,6000.0,áno,6000.0,True
2024-03-04T20:17:05.086808,Celkovo - Víťaz,Matovič Igor,4000.0,áno,4000.0,True
2024-03-04T20:17:05.086808,Celkovo - Víťaz,Dubovský Patrik,5500.0,áno,5500.0,True
2024-03-04T20:17:05.086808,Celkovo - Víťaz,Švec Róbert,6000.0,áno,6000.0,True
2024-03-05T04:17:37.188776,Celkovo - Víťaz,Pellegrini Peter,1.55,áno,1.55,True
2024-03-05T04:17:37.188776,Celkovo - Víťaz,Korčok Ivan,2.4,áno,2.4,True
2024-03-05T04:17:37.188776,Celkovo - Víťaz,Kubiš Ján,5000.0,áno,5000.0,True
2024-03-05T04:17:37.188776,Celkovo - Víťaz,Harabin Štefan,200.0,áno,200.0,True
2024-03-05T04:17:37.188776,Celkovo - Víťaz,Forró Krisztián,5000.0,áno,5000.0,True
2024-03-05T04:17:37.188776,Celkovo - Víťaz,Kotleba Marian,5500.0,áno,5500.0,True
2024-03-05T04:17:37.188776,Celkovo - Víťaz,Danko Andrej,5500.0,áno,5500.0,True
2024-03-05T04:17:37.188776,Celkovo - Víťaz,Náhlik Milan,6000.0,áno,6000.0,True
2024-03-05T04:17:37.188776,Celkovo - Víťaz,Matovič Igor,4000.0,áno,4000.0,True
2024-03-05T04:17:37.188776,Celkovo - Víťaz,Dubovský Patrik,5500.0,áno,5500.0,True
2024-03-05T04:17:37.188776,Celkovo - Víťaz,Švec Róbert,6000.0,áno,6000.0,True
2024-03-05T12:18:30.235314,Celkovo - Víťaz,Pellegrini Peter,1.55,áno,1.55,True
2024-03-05T12:18:30.235314,Celkovo - Víťaz,Korčok Ivan,2.4,áno,2.4,True
2024-03-05T12:18:30.235314,Celkovo - Víťaz,Kubiš Ján,5000.0,áno,5000.0,True
2024-03-05T12:18:30.235314,Celkovo - Víťaz,Harabin Štefan,200.0,áno,200.0,True
2024-03-05T12:18:30.235314,Celkovo - Víťaz,Forró Krisztián,5000.0,áno,5000.0,True
2024-03-05T12:18:30.235314,Celkovo - Víťaz,Kotleba Marian,5500.0,áno,5500.0,True
2024-03-05T12:18:30.235314,Celkovo - Víťaz,Danko Andrej,5500.0,áno,5500.0,True
2024-03-05T12:18:30.235314,Celkovo - Víťaz,Náhlik Milan,6000.0,áno,6000.0,True
2024-03-05T12:18:30.235314,Celkovo - Víťaz,Matovič Igor,4000.0,áno,4000.0,True
2024-03-05T12:18:30.235314,Celkovo - Víťaz,Dubovský Patrik,5500.0,áno,5500.0,True
2024-03-05T12:18:30.235314,Celkovo - Víťaz,Švec Róbert,6000.0,áno,6000.0,True
2024-03-05T20:17:58.708101,Celkovo - Víťaz,Pellegrini Peter,1.55,áno,1.55,True
2024-03-05T20:17:58.708101,Celkovo - Víťaz,Korčok Ivan,2.4,áno,2.4,True
2024-03-05T20:17:58.708101,Celkovo - Víťaz,Kubiš Ján,5000.0,áno,5000.0,True
2024-03-05T20:17:58.708101,Celkovo - Víťaz,Harabin Štefan,100.0,áno,100.0,True
2024-03-05T20:17:58.708101,Celkovo - Víťaz,Forró Krisztián,5000.0,áno,5000.0,True
2024-03-05T20:17:58.708101,Celkovo - Víťaz,Kotleba Marian,5500.0,áno,5500.0,True
2024-03-05T20:17:58.708101,Celkovo - Víťaz,Danko Andrej,5500.0,áno,5500.0,True
2024-03-05T20:17:58.708101,Celkovo - Víťaz,Náhlik Milan,6000.0,áno,6000.0,True
2024-03-05T20:17:58.708101,Celkovo - Víťaz,Matovič Igor,4000.0,áno,4000.0,True
2024-03-05T20:17:58.708101,Celkovo - Víťaz,Dubovský Patrik,5500.0,áno,5500.0,True
2024-03-05T20:17:58.708101,Celkovo - Víťaz,Švec Róbert,6000.0,áno,6000.0,True
2024-03-06T04:17:40.000041,Celkovo - Víťaz,Pellegrini Peter,1.55,áno,1.55,True
2024-03-06T04:17:40.000041,Celkovo - Víťaz,Korčok Ivan,2.4,áno,2.4,True
2024-03-06T04:17:40.000041,Celkovo - Víťaz,Kubiš Ján,5000.0,áno,5000.0,True
2024-03-06T04:17:40.000041,Celkovo - Víťaz,Harabin Štefan,100.0,áno,100.0,True
2024-03-06T04:17:40.000041,Celkovo - Víťaz,Forró Krisztián,5000.0,áno,5000.0,True
2024-03-06T04:17:40.000041,Celkovo - Víťaz,Kotleba Marian,5500.0,áno,5500.0,True
2024-03-06T04:17:40.000041,Celkovo - Víťaz,Danko Andrej,5500.0,áno,5500.0,True
2024-03-06T04:17:40.000041,Celkovo - Víťaz,Náhlik Milan,6000.0,áno,6000.0,True
2024-03-06T04:17:40.000041,Celkovo - Víťaz,Matovič Igor,4000.0,áno,4000.0,True
2024-03-06T04:17:40.000041,Celkovo - Víťaz,Dubovský Patrik,5500.0,áno,5500.0,True
2024-03-06T04:17:40.000041,Celkovo - Víťaz,Švec Róbert,6000.0,áno,6000.0,True
2024-03-06T12:18:36.367464,Celkovo - Víťaz,Pellegrini Peter,1.55,áno,1.55,True
2024-03-06T12:18:36.367464,Celkovo - Víťaz,Korčok Ivan,2.4,áno,2.4,True
2024-03-06T12:18:36.367464,Celkovo - Víťaz,Kubiš Ján,5000.0,áno,5000.0,True
2024-03-06T12:18:36.367464,Celkovo - Víťaz,Harabin Štefan,100.0,áno,100.0,True
2024-03-06T12:18:36.367464,Celkovo - Víťaz,Forró Krisztián,5000.0,áno,5000.0,True
2024-03-06T12:18:36.367464,Celkovo - Víťaz,Kotleba Marian,5500.0,áno,5500.0,True
2024-03-06T12:18:36.367464,Celkovo - Víťaz,Danko Andrej,5500.0,áno,5500.0,True
2024-03-06T12:18:36.367464,Celkovo - Víťaz,Náhlik Milan,6000.0,áno,6000.0,True
2024-03-06T12:18:36.367464,Celkovo - Víťaz,Matovič Igor,4000.0,áno,4000.0,True
2024-03-06T12:18:36.367464,Celkovo - Víťaz,Dubovský Patrik,5500.0,áno,5500.0,True
2024-03-06T12:18:36.367464,Celkovo - Víťaz,Švec Róbert,6000.0,áno,6000.0,True
2024-03-06T20:17:47.780782,Celkovo - Víťaz,Pellegrini Peter,1.55,áno,1.55,True
2024-03-06T20:17:47.780782,Celkovo - Víťaz,Korčok Ivan,2.4,áno,2.4,True
2024-03-06T20:17:47.780782,Celkovo - Víťaz,Kubiš Ján,5000.0,áno,5000.0,True
2024-03-06T20:17:47.780782,Celkovo - Víťaz,Harabin Štefan,100.0,áno,100.0,True
2024-03-06T20:17:47.780782,Celkovo - Víťaz,Forró Krisztián,5000.0,áno,5000.0,True
2024-03-06T20:17:47.780782,Celkovo - Víťaz,Kotleba Marian,5500.0,áno,5500.0,True
2024-03-06T20:17:47.780782,Celkovo - Víťaz,Danko Andrej,5500.0,áno,5500.0,True
2024-03-06T20:17:47.780782,Celkovo - Víťaz,Náhlik Milan,6000.0,áno,6000.0,True
2024-03-06T20:17:47.780782,Celkovo - Víťaz,Matovič Igor,4000.0,áno,4000.0,True
2024-03-06T20:17:47.780782,Celkovo - Víťaz,Dubovský Patrik,5500.0,áno,5500.0,True
2024-03-06T20:17:47.780782,Celkovo - Víťaz,Švec Róbert,6000.0,áno,6000.0,True
2024-03-07T04:17:12.856751,Celkovo - Víťaz,Pellegrini Peter,1.55,áno,1.55,True
2024-03-07T04:17:12.856751,Celkovo - Víťaz,Korčok Ivan,2.4,áno,2.4,True
2024-03-07T04:17:12.856751,Celkovo - Víťaz,Kubiš Ján,5000.0,áno,5000.0,True
2024-03-07T04:17:12.856751,Celkovo - Víťaz,Harabin Štefan,100.0,áno,100.0,True
2024-03-07T04:17:12.856751,Celkovo - Víťaz,Forró Krisztián,5000.0,áno,5000.0,True
2024-03-07T04:17:12.856751,Celkovo - Víťaz,Kotleba Marian,5500.0,áno,5500.0,True
2024-03-07T04:17:12.856751,Celkovo - Víťaz,Danko Andrej,5500.0,áno,5500.0,True
2024-03-07T04:17:12.856751,Celkovo - Víťaz,Náhlik Milan,6000.0,áno,6000.0,True
2024-03-07T04:17:12.856751,Celkovo - Víťaz,Matovič Igor,4000.0,áno,4000.0,True
2024-03-07T04:17:12.856751,Celkovo - Víťaz,Dubovský Patrik,5500.0,áno,5500.0,True
2024-03-07T04:17:12.856751,Celkovo - Víťaz,Švec Róbert,6000.0,áno,6000.0,True
2024-03-07T12:18:49.612375,Celkovo - Víťaz,Pellegrini Peter,1.5,áno,1.5,True
2024-03-07T12:18:49.612375,Celkovo - Víťaz,Korčok Ivan,2.5,áno,2.5,True
2024-03-07T12:18:49.612375,Celkovo - Víťaz,Kubiš Ján,5000.0,áno,5000.0,True
2024-03-07T12:18:49.612375,Celkovo - Víťaz,Harabin Štefan,100.0,áno,100.0,True
2024-03-07T12:18:49.612375,Celkovo - Víťaz,Forró Krisztián,5000.0,áno,5000.0,True
2024-03-07T12:18:49.612375,Celkovo - Víťaz,Kotleba Marian,5500.0,áno,5500.0,True
2024-03-07T12:18:49.612375,Celkovo - Víťaz,Danko Andrej,5500.0,áno,5500.0,True
2024-03-07T12:18:49.612375,Celkovo - Víťaz,Náhlik Milan,6000.0,áno,6000.0,True
2024-03-07T12:18:49.612375,Celkovo - Víťaz,Matovič Igor,4500.0,áno,4500.0,True
2024-03-07T12:18:49.612375,Celkovo - Víťaz,Dubovský Patrik,5500.0,áno,5500.0,True
2024-03-07T12:18:49.612375,Celkovo - Víťaz,Švec Róbert,6000.0,áno,6000.0,True
2024-03-07T20:17:02.606826,Celkovo - Víťaz,Pellegrini Peter,1.5,áno,1.5,True
2024-03-07T20:17:02.606826,Celkovo - Víťaz,Korčok Ivan,2.5,áno,2.5,True
2024-03-07T20:17:02.606826,Celkovo - Víťaz,Kubiš Ján,5000.0,áno,5000.0,True
2024-03-07T20:17:02.606826,Celkovo - Víťaz,Harabin Štefan,100.0,áno,100.0,True
2024-03-07T20:17:02.606826,Celkovo - Víťaz,Forró Krisztián,5000.0,áno,5000.0,True
2024-03-07T20:17:02.606826,Celkovo - Víťaz,Kotleba Marian,5500.0,áno,5500.0,True
2024-03-07T20:17:02.606826,Celkovo - Víťaz,Danko Andrej,5500.0,áno,5500.0,True
2024-03-07T20:17:02.606826,Celkovo - Víťaz,Náhlik Milan,6000.0,áno,6000.0,True
2024-03-07T20:17:02.606826,Celkovo - Víťaz,Matovič Igor,4500.0,áno,4500.0,True
2024-03-07T20:17:02.606826,Celkovo - Víťaz,Dubovský Patrik,5500.0,áno,5500.0,True
2024-03-07T20:17:02.606826,Celkovo - Víťaz,Švec Róbert,6000.0,áno,6000.0,True
2024-03-08T04:17:51.987049,Celkovo - Víťaz,Pellegrini Peter,1.5,áno,1.5,True
2024-03-08T04:17:51.987049,Celkovo - Víťaz,Korčok Ivan,2.5,áno,2.5,True
2024-03-08T04:17:51.987049,Celkovo - Víťaz,Kubiš Ján,5000.0,áno,5000.0,True
2024-03-08T04:17:51.987049,Celkovo - Víťaz,Harabin Štefan,100.0,áno,100.0,True
2024-03-08T04:17:51.987049,Celkovo - Víťaz,Forró Krisztián,5000.0,áno,5000.0,True
2024-03-08T04:17:51.987049,Celkovo - Víťaz,Kotleba Marian,5500.0,áno,5500.0,True
2024-03-08T04:17:51.987049,Celkovo - Víťaz,Danko Andrej,5500.0,áno,5500.0,True
2024-03-08T04:17:51.987049,Celkovo - Víťaz,Náhlik Milan,6000.0,áno,6000.0,True
2024-03-08T04:17:51.987049,Celkovo - Víťaz,Matovič Igor,4500.0,áno,4500.0,True
2024-03-08T04:17:51.987049,Celkovo - Víťaz,Dubovský Patrik,5500.0,áno,5500.0,True
2024-03-08T04:17:51.987049,Celkovo - Víťaz,Švec Róbert,6000.0,áno,6000.0,True
2024-03-08T12:18:49.772936,Celkovo - Víťaz,Pellegrini Peter,1.5,áno,1.5,True
2024-03-08T12:18:49.772936,Celkovo - Víťaz,Korčok Ivan,2.5,áno,2.5,True
2024-03-08T12:18:49.772936,Celkovo - Víťaz,Kubiš Ján,5000.0,áno,5000.0,True
2024-03-08T12:18:49.772936,Celkovo - Víťaz,Harabin Štefan,100.0,áno,100.0,True
2024-03-08T12:18:49.772936,Celkovo - Víťaz,Forró Krisztián,5000.0,áno,5000.0,True
2024-03-08T12:18:49.772936,Celkovo - Víťaz,Kotleba Marian,5500.0,áno,5500.0,True
2024-03-08T12:18:49.772936,Celkovo - Víťaz,Danko Andrej,5500.0,áno,5500.0,True
2024-03-08T12:18:49.772936,Celkovo - Víťaz,Náhlik Milan,6000.0,áno,6000.0,True
2024-03-08T12:18:49.772936,Celkovo - Víťaz,Matovič Igor,4500.0,áno,4500.0,True
2024-03-08T12:18:49.772936,Celkovo - Víťaz,Dubovský Patrik,5500.0,áno,5500.0,True
2024-03-08T12:18:49.772936,Celkovo - Víťaz,Švec Róbert,6000.0,áno,6000.0,True
2024-03-08T20:17:00.113670,Celkovo - Víťaz,Pellegrini Peter,1.5,áno,1.5,True
2024-03-08T20:17:00.113670,Celkovo - Víťaz,Korčok Ivan,2.5,áno,2.5,True
2024-03-08T20:17:00.113670,Celkovo - Víťaz,Kubiš Ján,5000.0,áno,5000.0,True
2024-03-08T20:17:00.113670,Celkovo - Víťaz,Harabin Štefan,100.0,áno,100.0,True
2024-03-08T20:17:00.113670,Celkovo - Víťaz,Forró Krisztián,5000.0,áno,5000.0,True
2024-03-08T20:17:00.113670,Celkovo - Víťaz,Kotleba Marian,5500.0,áno,5500.0,True
2024-03-08T20:17:00.113670,Celkovo - Víťaz,Danko Andrej,5500.0,áno,5500.0,True
2024-03-08T20:17:00.113670,Celkovo - Víťaz,Náhlik Milan,6000.0,áno,6000.0,True
2024-03-08T20:17:00.113670,Celkovo - Víťaz,Matovič Igor,4500.0,áno,4500.0,True
2024-03-08T20:17:00.113670,Celkovo - Víťaz,Dubovský Patrik,5500.0,áno,5500.0,True
2024-03-08T20:17:00.113670,Celkovo - Víťaz,Švec Róbert,6000.0,áno,6000.0,True
2024-03-09T04:17:19.962243,Celkovo - Víťaz,Pellegrini Peter,1.5,áno,1.5,True
2024-03-09T04:17:19.962243,Celkovo - Víťaz,Korčok Ivan,2.5,áno,2.5,True
2024-03-09T04:17:19.962243,Celkovo - Víťaz,Kubiš Ján,5000.0,áno,5000.0,True
2024-03-09T04:17:19.962243,Celkovo - Víťaz,Harabin Štefan,100.0,áno,100.0,True
2024-03-09T04:17:19.962243,Celkovo - Víťaz,Forró Krisztián,5000.0,áno,5000.0,True
2024-03-09T04:17:19.962243,Celkovo - Víťaz,Kotleba Marian,5500.0,áno,5500.0,True
2024-03-09T04:17:19.962243,Celkovo - Víťaz,Danko Andrej,5500.0,áno,5500.0,True
2024-03-09T04:17:19.962243,Celkovo - Víťaz,Náhlik Milan,6000.0,áno,6000.0,True
2024-03-09T04:17:19.962243,Celkovo - Víťaz,Matovič Igor,4500.0,áno,4500.0,True
2024-03-09T04:17:19.962243,Celkovo - Víťaz,Dubovský Patrik,5500.0,áno,5500.0,True
2024-03-09T04:17:19.962243,Celkovo - Víťaz,Švec Róbert,6000.0,áno,6000.0,True
2024-03-09T12:17:50.475960,Celkovo - Víťaz,Pellegrini Peter,1.5,áno,1.5,True
2024-03-09T12:17:50.475960,Celkovo - Víťaz,Korčok Ivan,2.5,áno,2.5,True
2024-03-09T12:17:50.475960,Celkovo - Víťaz,Kubiš Ján,5000.0,áno,5000.0,True
2024-03-09T12:17:50.475960,Celkovo - Víťaz,Harabin Štefan,100.0,áno,100.0,True
2024-03-09T12:17:50.475960,Celkovo - Víťaz,Forró Krisztián,5000.0,áno,5000.0,True
2024-03-09T12:17:50.475960,Celkovo - Víťaz,Kotleba Marian,5500.0,áno,5500.0,True
2024-03-09T12:17:50.475960,Celkovo - Víťaz,Danko Andrej,5500.0,áno,5500.0,True
2024-03-09T12:17:50.475960,Celkovo - Víťaz,Náhlik Milan,6000.0,áno,6000.0,True
2024-03-09T12:17:50.475960,Celkovo - Víťaz,Matovič Igor,4500.0,áno,4500.0,True
2024-03-09T12:17:50.475960,Celkovo - Víťaz,Dubovský Patrik,5500.0,áno,5500.0,True
2024-03-09T12:17:50.475960,Celkovo - Víťaz,Švec Róbert,6000.0,áno,6000.0,True
2024-03-09T20:16:56.807987,Celkovo - Víťaz,Pellegrini Peter,1.5,áno,1.5,True
2024-03-09T20:16:56.807987,Celkovo - Víťaz,Korčok Ivan,2.5,áno,2.5,True
2024-03-09T20:16:56.807987,Celkovo - Víťaz,Kubiš Ján,5000.0,áno,5000.0,True
2024-03-09T20:16:56.807987,Celkovo - Víťaz,Harabin Štefan,100.0,áno,100.0,True
2024-03-09T20:16:56.807987,Celkovo - Víťaz,Forró Krisztián,5000.0,áno,5000.0,True
2024-03-09T20:16:56.807987,Celkovo - Víťaz,Kotleba Marian,5500.0,áno,5500.0,True
2024-03-09T20:16:56.807987,Celkovo - Víťaz,Danko Andrej,5500.0,áno,5500.0,True
2024-03-09T20:16:56.807987,Celkovo - Víťaz,Náhlik Milan,6000.0,áno,6000.0,True
2024-03-09T20:16:56.807987,Celkovo - Víťaz,Matovič Igor,4500.0,áno,4500.0,True
2024-03-09T20:16:56.807987,Celkovo - Víťaz,Dubovský Patrik,5500.0,áno,5500.0,True
2024-03-09T20:16:56.807987,Celkovo - Víťaz,Švec Róbert,6000.0,áno,6000.0,True
2024-03-10T04:17:54.624131,Celkovo - Víťaz,Pellegrini Peter,1.5,áno,1.5,True
2024-03-10T04:17:54.624131,Celkovo - Víťaz,Korčok Ivan,2.5,áno,2.5,True
2024-03-10T04:17:54.624131,Celkovo - Víťaz,Kubiš Ján,5000.0,áno,5000.0,True
2024-03-10T04:17:54.624131,Celkovo - Víťaz,Harabin Štefan,100.0,áno,100.0,True
2024-03-10T04:17:54.624131,Celkovo - Víťaz,Forró Krisztián,5000.0,áno,5000.0,True
2024-03-10T04:17:54.624131,Celkovo - Víťaz,Kotleba Marian,5500.0,áno,5500.0,True
2024-03-10T04:17:54.624131,Celkovo - Víťaz,Danko Andrej,5500.0,áno,5500.0,True
2024-03-10T04:17:54.624131,Celkovo - Víťaz,Náhlik Milan,6000.0,áno,6000.0,True
2024-03-10T04:17:54.624131,Celkovo - Víťaz,Matovič Igor,4500.0,áno,4500.0,True
2024-03-10T04:17:54.624131,Celkovo - Víťaz,Dubovský Patrik,5500.0,áno,5500.0,True
2024-03-10T04:17:54.624131,Celkovo - Víťaz,Švec Róbert,6000.0,áno,6000.0,True
2024-03-10T12:18:04.018857,Celkovo - Víťaz,Pellegrini Peter,1.5,áno,1.5,True
2024-03-10T12:18:04.018857,Celkovo - Víťaz,Korčok Ivan,2.5,áno,2.5,True
2024-03-10T12:18:04.018857,Celkovo - Víťaz,Kubiš Ján,5000.0,áno,5000.0,True
2024-03-10T12:18:04.018857,Celkovo - Víťaz,Harabin Štefan,100.0,áno,100.0,True
2024-03-10T12:18:04.018857,Celkovo - Víťaz,Forró Krisztián,5000.0,áno,5000.0,True
2024-03-10T12:18:04.018857,Celkovo - Víťaz,Kotleba Marian,5500.0,áno,5500.0,True
2024-03-10T12:18:04.018857,Celkovo - Víťaz,Danko Andrej,5500.0,áno,5500.0,True
2024-03-10T12:18:04.018857,Celkovo - Víťaz,Náhlik Milan,6000.0,áno,6000.0,True
2024-03-10T12:18:04.018857,Celkovo - Víťaz,Matovič Igor,4500.0,áno,4500.0,True
2024-03-10T12:18:04.018857,Celkovo - Víťaz,Dubovský Patrik,5500.0,áno,5500.0,True
2024-03-10T12:18:04.018857,Celkovo - Víťaz,Švec Róbert,6000.0,áno,6000.0,True
2024-03-10T20:18:17.470364,Celkovo - Víťaz,Pellegrini Peter,1.5,áno,1.5,True
2024-03-10T20:18:17.470364,Celkovo - Víťaz,Korčok Ivan,2.5,áno,2.5,True
2024-03-10T20:18:17.470364,Celkovo - Víťaz,Kubiš Ján,5000.0,áno,5000.0,True
2024-03-10T20:18:17.470364,Celkovo - Víťaz,Harabin Štefan,100.0,áno,100.0,True
2024-03-10T20:18:17.470364,Celkovo - Víťaz,Forró Krisztián,5000.0,áno,5000.0,True
2024-03-10T20:18:17.470364,Celkovo - Víťaz,Kotleba Marian,5500.0,áno,5500.0,True
2024-03-10T20:18:17.470364,Celkovo - Víťaz,Danko Andrej,5500.0,áno,5500.0,True
2024-03-10T20:18:17.470364,Celkovo - Víťaz,Náhlik Milan,6000.0,áno,6000.0,True
2024-03-10T20:18:17.470364,Celkovo - Víťaz,Matovič Igor,4500.0,áno,4500.0,True
2024-03-10T20:18:17.470364,Celkovo - Víťaz,Dubovský Patrik,5500.0,áno,5500.0,True
2024-03-10T20:18:17.470364,Celkovo - Víťaz,Švec Róbert,6000.0,áno,6000.0,True
2024-03-11T04:17:47.978985,Celkovo - Víťaz,Pellegrini Peter,1.5,áno,1.5,True
2024-03-11T04:17:47.978985,Celkovo - Víťaz,Korčok Ivan,2.5,áno,2.5,True
2024-03-11T04:17:47.978985,Celkovo - Víťaz,Kubiš Ján,5000.0,áno,5000.0,True
2024-03-11T04:17:47.978985,Celkovo - Víťaz,Harabin Štefan,100.0,áno,100.0,True
2024-03-11T04:17:47.978985,Celkovo - Víťaz,Forró Krisztián,5000.0,áno,5000.0,True
2024-03-11T04:17:47.978985,Celkovo - Víťaz,Kotleba Marian,5500.0,áno,5500.0,True
2024-03-11T04:17:47.978985,Celkovo - Víťaz,Danko Andrej,5500.0,áno,5500.0,True
2024-03-11T04:17:47.978985,Celkovo - Víťaz,Náhlik Milan,6000.0,áno,6000.0,True
2024-03-11T04:17:47.978985,Celkovo - Víťaz,Matovič Igor,4500.0,áno,4500.0,True
2024-03-11T04:17:47.978985,Celkovo - Víťaz,Dubovský Patrik,5500.0,áno,5500.0,True
2024-03-11T04:17:47.978985,Celkovo - Víťaz,Švec Róbert,6000.0,áno,6000.0,True
2024-03-11T12:18:07.557881,Celkovo - Víťaz,Pellegrini Peter,1.5,áno,1.5,True
2024-03-11T12:18:07.557881,Celkovo - Víťaz,Korčok Ivan,2.5,áno,2.5,True
2024-03-11T12:18:07.557881,Celkovo - Víťaz,Kubiš Ján,5000.0,áno,5000.0,True
2024-03-11T12:18:07.557881,Celkovo - Víťaz,Harabin Štefan,50.0,áno,50.0,True
2024-03-11T12:18:07.557881,Celkovo - Víťaz,Forró Krisztián,5000.0,áno,5000.0,True
2024-03-11T12:18:07.557881,Celkovo - Víťaz,Kotleba Marian,5500.0,áno,5500.0,True
2024-03-11T12:18:07.557881,Celkovo - Víťaz,Danko Andrej,5500.0,áno,5500.0,True
2024-03-11T12:18:07.557881,Celkovo - Víťaz,Náhlik Milan,6000.0,áno,6000.0,True
2024-03-11T12:18:07.557881,Celkovo - Víťaz,Matovič Igor,4500.0,áno,4500.0,True
2024-03-11T12:18:07.557881,Celkovo - Víťaz,Dubovský Patrik,5500.0,áno,5500.0,True
2024-03-11T12:18:07.557881,Celkovo - Víťaz,Švec Róbert,6000.0,áno,6000.0,True
2024-03-11T20:17:46.320719,Celkovo - Víťaz,Pellegrini Peter,1.5,áno,1.5,True
2024-03-11T20:17:46.320719,Celkovo - Víťaz,Korčok Ivan,2.5,áno,2.5,True
2024-03-11T20:17:46.320719,Celkovo - Víťaz,Kubiš Ján,5000.0,áno,5000.0,True
2024-03-11T20:17:46.320719,Celkovo - Víťaz,Harabin Štefan,50.0,áno,50.0,True
2024-03-11T20:17:46.320719,Celkovo - Víťaz,Forró Krisztián,5000.0,áno,5000.0,True
2024-03-11T20:17:46.320719,Celkovo - Víťaz,Kotleba Marian,5500.0,áno,5500.0,True
2024-03-11T20:17:46.320719,Celkovo - Víťaz,Danko Andrej,5500.0,áno,5500.0,True
2024-03-11T20:17:46.320719,Celkovo - Víťaz,Náhlik Milan,6000.0,áno,6000.0,True
2024-03-11T20:17:46.320719,Celkovo - Víťaz,Matovič Igor,4500.0,áno,4500.0,True
2024-03-11T20:17:46.320719,Celkovo - Víťaz,Dubovský Patrik,5500.0,áno,5500.0,True
2024-03-11T20:17:46.320719,Celkovo - Víťaz,Švec Róbert,6000.0,áno,6000.0,True
2024-03-12T04:18:21.020494,Celkovo - Víťaz,Pellegrini Peter,1.5,áno,1.5,True
2024-03-12T04:18:21.020494,Celkovo - Víťaz,Korčok Ivan,2.5,áno,2.5,True
2024-03-12T04:18:21.020494,Celkovo - Víťaz,Kubiš Ján,5000.0,áno,5000.0,True
2024-03-12T04:18:21.020494,Celkovo - Víťaz,Harabin Štefan,50.0,áno,50.0,True
2024-03-12T04:18:21.020494,Celkovo - Víťaz,Forró Krisztián,5000.0,áno,5000.0,True
2024-03-12T04:18:21.020494,Celkovo - Víťaz,Kotleba Marian,5500.0,áno,5500.0,True
2024-03-12T04:18:21.020494,Celkovo - Víťaz,Danko Andrej,5500.0,áno,5500.0,True
2024-03-12T04:18:21.020494,Celkovo - Víťaz,Náhlik Milan,6000.0,áno,6000.0,True
2024-03-12T04:18:21.020494,Celkovo - Víťaz,Matovič Igor,4500.0,áno,4500.0,True
2024-03-12T04:18:21.020494,Celkovo - Víťaz,Dubovský Patrik,5500.0,áno,5500.0,True
2024-03-12T04:18:21.020494,Celkovo - Víťaz,Švec Róbert,6000.0,áno,6000.0,True
2024-03-12T12:18:05.396571,Celkovo - Víťaz,Pellegrini Peter,1.5,áno,1.5,True
2024-03-12T12:18:05.396571,Celkovo - Víťaz,Korčok Ivan,2.6,áno,2.6,True
2024-03-12T12:18:05.396571,Celkovo - Víťaz,Kubiš Ján,5000.0,áno,5000.0,True
2024-03-12T12:18:05.396571,Celkovo - Víťaz,Harabin Štefan,40.0,áno,40.0,True
2024-03-12T12:18:05.396571,Celkovo - Víťaz,Forró Krisztián,5000.0,áno,5000.0,True
2024-03-12T12:18:05.396571,Celkovo - Víťaz,Kotleba Marian,5500.0,áno,5500.0,True
2024-03-12T12:18:05.396571,Celkovo - Víťaz,Danko Andrej,5500.0,áno,5500.0,True
2024-03-12T12:18:05.396571,Celkovo - Víťaz,Náhlik Milan,6000.0,áno,6000.0,True
2024-03-12T12:18:05.396571,Celkovo - Víťaz,Matovič Igor,4500.0,áno,4500.0,True
2024-03-12T12:18:05.396571,Celkovo - Víťaz,Dubovský Patrik,5500.0,áno,5500.0,True
2024-03-12T12:18:05.396571,Celkovo - Víťaz,Švec Róbert,6000.0,áno,6000.0,True
2024-03-12T20:17:33.679052,Celkovo - Víťaz,Pellegrini Peter,1.5,áno,1.5,True
2024-03-12T20:17:33.679052,Celkovo - Víťaz,Korčok Ivan,2.6,áno,2.6,True
2024-03-12T20:17:33.679052,Celkovo - Víťaz,Kubiš Ján,5000.0,áno,5000.0,True
2024-03-12T20:17:33.679052,Celkovo - Víťaz,Harabin Štefan,40.0,áno,40.0,True
2024-03-12T20:17:33.679052,Celkovo - Víťaz,Forró Krisztián,5000.0,áno,5000.0,True
2024-03-12T20:17:33.679052,Celkovo - Víťaz,Kotleba Marian,5500.0,áno,5500.0,True
2024-03-12T20:17:33.679052,Celkovo - Víťaz,Danko Andrej,5500.0,áno,5500.0,True
2024-03-12T20:17:33.679052,Celkovo - Víťaz,Náhlik Milan,6000.0,áno,6000.0,True
2024-03-12T20:17:33.679052,Celkovo - Víťaz,Matovič Igor,4500.0,áno,4500.0,True
2024-03-12T20:17:33.679052,Celkovo - Víťaz,Dubovský Patrik,5500.0,áno,5500.0,True
2024-03-12T20:17:33.679052,Celkovo - Víťaz,Švec Róbert,6000.0,áno,6000.0,True
2024-03-13T04:17:27.876932,Celkovo - Víťaz,Pellegrini Peter,1.5,áno,1.5,True
2024-03-13T04:17:27.876932,Celkovo - Víťaz,Korčok Ivan,2.6,áno,2.6,True
2024-03-13T04:17:27.876932,Celkovo - Víťaz,Kubiš Ján,5000.0,áno,5000.0,True
2024-03-13T04:17:27.876932,Celkovo - Víťaz,Harabin Štefan,40.0,áno,40.0,True
2024-03-13T04:17:27.876932,Celkovo - Víťaz,Forró Krisztián,5000.0,áno,5000.0,True
2024-03-13T04:17:27.876932,Celkovo - Víťaz,Kotleba Marian,5500.0,áno,5500.0,True
2024-03-13T04:17:27.876932,Celkovo - Víťaz,Danko Andrej,5500.0,áno,5500.0,True
2024-03-13T04:17:27.876932,Celkovo - Víťaz,Náhlik Milan,6000.0,áno,6000.0,True
2024-03-13T04:17:27.876932,Celkovo - Víťaz,Matovič Igor,4500.0,áno,4500.0,True
2024-03-13T04:17:27.876932,Celkovo - Víťaz,Dubovský Patrik,5500.0,áno,5500.0,True
2024-03-13T04:17:27.876932,Celkovo - Víťaz,Švec Róbert,6000.0,áno,6000.0,True
2024-03-13T12:18:42.137685,Celkovo - Víťaz,Pellegrini Peter,1.5,áno,1.5,True
2024-03-13T12:18:42.137685,Celkovo - Víťaz,Korčok Ivan,2.6,áno,2.6,True
2024-03-13T12:18:42.137685,Celkovo - Víťaz,Kubiš Ján,5000.0,áno,5000.0,True
2024-03-13T12:18:42.137685,Celkovo - Víťaz,Harabin Štefan,40.0,áno,40.0,True
2024-03-13T12:18:42.137685,Celkovo - Víťaz,Forró Krisztián,5000.0,áno,5000.0,True
2024-03-13T12:18:42.137685,Celkovo - Víťaz,Kotleba Marian,5500.0,áno,5500.0,True
2024-03-13T12:18:42.137685,Celkovo - Víťaz,Danko Andrej,5500.0,áno,5500.0,True
2024-03-13T12:18:42.137685,Celkovo - Víťaz,Náhlik Milan,6000.0,áno,6000.0,True
2024-03-13T12:18:42.137685,Celkovo - Víťaz,Matovič Igor,4500.0,áno,4500.0,True
2024-03-13T12:18:42.137685,Celkovo - Víťaz,Dubovský Patrik,5500.0,áno,5500.0,True
2024-03-13T12:18:42.137685,Celkovo - Víťaz,Švec Róbert,6000.0,áno,6000.0,True
2024-03-13T20:16:59.968914,Celkovo - Víťaz,Pellegrini Peter,1.5,áno,1.5,True
2024-03-13T20:16:59.968914,Celkovo - Víťaz,Korčok Ivan,2.6,áno,2.6,True
2024-03-13T20:16:59.968914,Celkovo - Víťaz,Kubiš Ján,5000.0,áno,5000.0,True
2024-03-13T20:16:59.968914,Celkovo - Víťaz,Harabin Štefan,40.0,áno,40.0,True
2024-03-13T20:16:59.968914,Celkovo - Víťaz,Forró Krisztián,5000.0,áno,5000.0,True
2024-03-13T20:16:59.968914,Celkovo - Víťaz,Kotleba Marian,5500.0,áno,5500.0,True
2024-03-13T20:16:59.968914,Celkovo - Víťaz,Danko Andrej,5500.0,áno,5500.0,True
2024-03-13T20:16:59.968914,Celkovo - Víťaz,Náhlik Milan,6000.0,áno,6000.0,True
2024-03-13T20:16:59.968914,Celkovo - Víťaz,Matovič Igor,4500.0,áno,4500.0,True
2024-03-13T20:16:59.968914,Celkovo - Víťaz,Dubovský Patrik,5500.0,áno,5500.0,True
2024-03-13T20:16:59.968914,Celkovo - Víťaz,Švec Róbert,6000.0,áno,6000.0,True
2024-03-14T04:17:34.576651,Celkovo - Víťaz,Pellegrini Peter,1.5,áno,1.5,True
2024-03-14T04:17:34.576651,Celkovo - Víťaz,Korčok Ivan,2.6,áno,2.6,True
2024-03-14T04:17:34.576651,Celkovo - Víťaz,Kubiš Ján,5000.0,áno,5000.0,True
2024-03-14T04:17:34.576651,Celkovo - Víťaz,Harabin Štefan,40.0,áno,40.0,True
2024-03-14T04:17:34.576651,Celkovo - Víťaz,Forró Krisztián,5000.0,áno,5000.0,True
2024-03-14T04:17:34.576651,Celkovo - Víťaz,Kotleba Marian,5500.0,áno,5500.0,True
2024-03-14T04:17:34.576651,Celkovo - Víťaz,Danko Andrej,5500.0,áno,5500.0,True
2024-03-14T04:17:34.576651,Celkovo - Víťaz,Náhlik Milan,6000.0,áno,6000.0,True
2024-03-14T04:17:34.576651,Celkovo - Víťaz,Matovič Igor,4500.0,áno,4500.0,True
2024-03-14T04:17:34.576651,Celkovo - Víťaz,Dubovský Patrik,5500.0,áno,5500.0,True
2024-03-14T04:17:34.576651,Celkovo - Víťaz,Švec Róbert,6000.0,áno,6000.0,True
2024-03-14T12:18:29.387963,Celkovo - Víťaz,Pellegrini Peter,1.5,áno,1.5,True
2024-03-14T12:18:29.387963,Celkovo - Víťaz,Korčok Ivan,2.6,áno,2.6,True
2024-03-14T12:18:29.387963,Celkovo - Víťaz,Kubiš Ján,5000.0,áno,5000.0,True
2024-03-14T12:18:29.387963,Celkovo - Víťaz,Harabin Štefan,50.0,áno,50.0,True
2024-03-14T12:18:29.387963,Celkovo - Víťaz,Forró Krisztián,5000.0,áno,5000.0,True
2024-03-14T12:18:29.387963,Celkovo - Víťaz,Kotleba Marian,5500.0,áno,5500.0,True
2024-03-14T12:18:29.387963,Celkovo - Víťaz,Danko Andrej,5500.0,áno,5500.0,True
2024-03-14T12:18:29.387963,Celkovo - Víťaz,Náhlik Milan,6000.0,áno,6000.0,True
2024-03-14T12:18:29.387963,Celkovo - Víťaz,Matovič Igor,4500.0,áno,4500.0,True
2024-03-14T12:18:29.387963,Celkovo - Víťaz,Dubovský Patrik,5500.0,áno,5500.0,True
2024-03-14T12:18:29.387963,Celkovo - Víťaz,Švec Róbert,6000.0,áno,6000.0,True
2024-03-14T20:17:17.270363,Celkovo - Víťaz,Pellegrini Peter,1.45,áno,1.45,True
2024-03-14T20:17:17.270363,Celkovo - Víťaz,Korčok Ivan,2.7,áno,2.7,True
2024-03-14T20:17:17.270363,Celkovo - Víťaz,Kubiš Ján,5000.0,áno,5000.0,True
2024-03-14T20:17:17.270363,Celkovo - Víťaz,Harabin Štefan,50.0,áno,50.0,True
2024-03-14T20:17:17.270363,Celkovo - Víťaz,Forró Krisztián,5000.0,áno,5000.0,True
2024-03-14T20:17:17.270363,Celkovo - Víťaz,Kotleba Marian,5500.0,áno,5500.0,True
2024-03-14T20:17:17.270363,Celkovo - Víťaz,Danko Andrej,5500.0,áno,5500.0,True
2024-03-14T20:17:17.270363,Celkovo - Víťaz,Náhlik Milan,6000.0,áno,6000.0,True
2024-03-14T20:17:17.270363,Celkovo - Víťaz,Matovič Igor,4500.0,áno,4500.0,True
2024-03-14T20:17:17.270363,Celkovo - Víťaz,Dubovský Patrik,5500.0,áno,5500.0,True
2024-03-14T20:17:17.270363,Celkovo - Víťaz,Švec Róbert,6000.0,áno,6000.0,True
2024-03-15T04:17:42.491820,Celkovo - Víťaz,Pellegrini Peter,1.45,áno,1.45,True
2024-03-15T04:17:42.491820,Celkovo - Víťaz,Korčok Ivan,2.7,áno,2.7,True
2024-03-15T04:17:42.491820,Celkovo - Víťaz,Kubiš Ján,5000.0,áno,5000.0,True
2024-03-15T04:17:42.491820,Celkovo - Víťaz,Harabin Štefan,50.0,áno,50.0,True
2024-03-15T04:17:42.491820,Celkovo - Víťaz,Forró Krisztián,5000.0,áno,5000.0,True
2024-03-15T04:17:42.491820,Celkovo - Víťaz,Kotleba Marian,5500.0,áno,5500.0,True
2024-03-15T04:17:42.491820,Celkovo - Víťaz,Danko Andrej,5500.0,áno,5500.0,True
2024-03-15T04:17:42.491820,Celkovo - Víťaz,Náhlik Milan,6000.0,áno,6000.0,True
2024-03-15T04:17:42.491820,Celkovo - Víťaz,Matovič Igor,4500.0,áno,4500.0,True
2024-03-15T04:17:42.491820,Celkovo - Víťaz,Dubovský Patrik,5500.0,áno,5500.0,True
2024-03-15T04:17:42.491820,Celkovo - Víťaz,Švec Róbert,6000.0,áno,6000.0,True
2024-03-15T12:18:27.508391,Celkovo - Víťaz,Pellegrini Peter,1.35,áno,1.35,True
2024-03-15T12:18:27.508391,Celkovo - Víťaz,Korčok Ivan,3.0,áno,3.0,True
2024-03-15T12:18:27.508391,Celkovo - Víťaz,Kubiš Ján,5000.0,áno,5000.0,True
2024-03-15T12:18:27.508391,Celkovo - Víťaz,Harabin Štefan,50.0,áno,50.0,True
2024-03-15T12:18:27.508391,Celkovo - Víťaz,Forró Krisztián,5000.0,áno,5000.0,True
2024-03-15T12:18:27.508391,Celkovo - Víťaz,Kotleba Marian,5500.0,áno,5500.0,True
2024-03-15T12:18:27.508391,Celkovo - Víťaz,Danko Andrej,5500.0,áno,5500.0,True
2024-03-15T12:18:27.508391,Celkovo - Víťaz,Náhlik Milan,6000.0,áno,6000.0,True
2024-03-15T12:18:27.508391,Celkovo - Víťaz,Matovič Igor,4500.0,áno,4500.0,True
2024-03-15T12:18:27.508391,Celkovo - Víťaz,Dubovský Patrik,5500.0,áno,5500.0,True
2024-03-15T12:18:27.508391,Celkovo - Víťaz,Švec Róbert,6000.0,áno,6000.0,True
2024-03-15T20:17:46.681187,Celkovo - Víťaz,Pellegrini Peter,1.35,áno,1.35,True
2024-03-15T20:17:46.681187,Celkovo - Víťaz,Korčok Ivan,3.0,áno,3.0,True
2024-03-15T20:17:46.681187,Celkovo - Víťaz,Kubiš Ján,5000.0,áno,5000.0,True
2024-03-15T20:17:46.681187,Celkovo - Víťaz,Harabin Štefan,50.0,áno,50.0,True
2024-03-15T20:17:46.681187,Celkovo - Víťaz,Forró Krisztián,5000.0,áno,5000.0,True
2024-03-15T20:17:46.681187,Celkovo - Víťaz,Kotleba Marian,5500.0,áno,5500.0,True
2024-03-15T20:17:46.681187,Celkovo - Víťaz,Danko Andrej,5500.0,áno,5500.0,True
2024-03-15T20:17:46.681187,Celkovo - Víťaz,Náhlik Milan,6000.0,áno,6000.0,True
2024-03-15T20:17:46.681187,Celkovo - Víťaz,Matovič Igor,4500.0,áno,4500.0,True
2024-03-15T20:17:46.681187,Celkovo - Víťaz,Dubovský Patrik,5500.0,áno,5500.0,True
2024-03-15T20:17:46.681187,Celkovo - Víťaz,Švec Róbert,6000.0,áno,6000.0,True
2024-03-16T04:17:20.118504,Celkovo - Víťaz,Pellegrini Peter,1.36,áno,1.36,True
2024-03-16T04:17:20.118504,Celkovo - Víťaz,Korčok Ivan,3.0,áno,3.0,True
2024-03-16T04:17:20.118504,Celkovo - Víťaz,Kubiš Ján,5000.0,áno,5000.0,True
2024-03-16T04:17:20.118504,Celkovo - Víťaz,Harabin Štefan,50.0,áno,50.0,True
2024-03-16T04:17:20.118504,Celkovo - Víťaz,Forró Krisztián,5000.0,áno,5000.0,True
2024-03-16T04:17:20.118504,Celkovo - Víťaz,Kotleba Marian,5500.0,áno,5500.0,True
2024-03-16T04:17:20.118504,Celkovo - Víťaz,Danko Andrej,5500.0,áno,5500.0,True
2024-03-16T04:17:20.118504,Celkovo - Víťaz,Náhlik Milan,6000.0,áno,6000.0,True
2024-03-16T04:17:20.118504,Celkovo - Víťaz,Matovič Igor,4500.0,áno,4500.0,True
2024-03-16T04:17:20.118504,Celkovo - Víťaz,Dubovský Patrik,5500.0,áno,5500.0,True
2024-03-16T04:17:20.118504,Celkovo - Víťaz,Švec Róbert,6000.0,áno,6000.0,True
2024-03-16T12:18:20.431557,Celkovo - Víťaz,Pellegrini Peter,1.37,áno,1.37,True
2024-03-16T12:18:20.431557,Celkovo - Víťaz,Korčok Ivan,3.0,áno,3.0,True
2024-03-16T12:18:20.431557,Celkovo - Víťaz,Kubiš Ján,5000.0,áno,5000.0,True
2024-03-16T12:18:20.431557,Celkovo - Víťaz,Harabin Štefan,50.0,áno,50.0,True
2024-03-16T12:18:20.431557,Celkovo - Víťaz,Forró Krisztián,5000.0,áno,5000.0,True
2024-03-16T12:18:20.431557,Celkovo - Víťaz,Kotleba Marian,5500.0,áno,5500.0,True
2024-03-16T12:18:20.431557,Celkovo - Víťaz,Danko Andrej,5500.0,áno,5500.0,True
2024-03-16T12:18:20.431557,Celkovo - Víťaz,Náhlik Milan,6000.0,áno,6000.0,True
2024-03-16T12:18:20.431557,Celkovo - Víťaz,Matovič Igor,4500.0,áno,4500.0,True
2024-03-16T12:18:20.431557,Celkovo - Víťaz,Dubovský Patrik,5500.0,áno,5500.0,True
2024-03-16T12:18:20.431557,Celkovo - Víťaz,Švec Róbert,6000.0,áno,6000.0,True
2024-03-16T15:36:25.665255,Celkovo - Víťaz,Pellegrini Peter,1.37,áno,1.37,True
2024-03-16T15:36:25.665255,Celkovo - Víťaz,Korčok Ivan,3.0,áno,3.0,True
2024-03-16T15:36:25.665255,Celkovo - Víťaz,Kubiš Ján,5000.0,áno,5000.0,True
2024-03-16T15:36:25.665255,Celkovo - Víťaz,Harabin Štefan,50.0,áno,50.0,True
2024-03-16T15:36:25.665255,Celkovo - Víťaz,Forró Krisztián,5000.0,áno,5000.0,True
2024-03-16T15:36:25.665255,Celkovo - Víťaz,Kotleba Marian,5500.0,áno,5500.0,True
2024-03-16T15:36:25.665255,Celkovo - Víťaz,Danko Andrej,5500.0,áno,5500.0,True
2024-03-16T15:36:25.665255,Celkovo - Víťaz,Náhlik Milan,6000.0,áno,6000.0,True
2024-03-16T15:36:25.665255,Celkovo - Víťaz,Matovič Igor,4500.0,áno,4500.0,True
2024-03-16T15:36:25.665255,Celkovo - Víťaz,Dubovský Patrik,5500.0,áno,5500.0,True
2024-03-16T15:36:25.665255,Celkovo - Víťaz,Švec Róbert,6000.0,áno,6000.0,True
2024-03-16T20:19:31.110736,Celkovo - Víťaz,Pellegrini Peter,1.37,áno,1.37,True
2024-03-16T20:19:31.110736,Celkovo - Víťaz,Korčok Ivan,3.0,áno,3.0,True
2024-03-16T20:19:31.110736,Celkovo - Víťaz,Kubiš Ján,5000.0,áno,5000.0,True
2024-03-16T20:19:31.110736,Celkovo - Víťaz,Harabin Štefan,50.0,áno,50.0,True
2024-03-16T20:19:31.110736,Celkovo - Víťaz,Forró Krisztián,5000.0,áno,5000.0,True
2024-03-16T20:19:31.110736,Celkovo - Víťaz,Kotleba Marian,5500.0,áno,5500.0,True
2024-03-16T20:19:31.110736,Celkovo - Víťaz,Danko Andrej,5500.0,áno,5500.0,True
2024-03-16T20:19:31.110736,Celkovo - Víťaz,Náhlik Milan,6000.0,áno,6000.0,True
2024-03-16T20:19:31.110736,Celkovo - Víťaz,Matovič Igor,4500.0,áno,4500.0,True
2024-03-16T20:19:31.110736,Celkovo - Víťaz,Dubovský Patrik,5500.0,áno,5500.0,True
2024-03-16T20:19:31.110736,Celkovo - Víťaz,Švec Róbert,6000.0,áno,6000.0,True
2024-03-16T22:19:23.385702,Celkovo - Víťaz,Pellegrini Peter,1.37,áno,1.37,True
2024-03-16T22:19:23.385702,Celkovo - Víťaz,Korčok Ivan,3.0,áno,3.0,True
2024-03-16T22:19:23.385702,Celkovo - Víťaz,Kubiš Ján,5000.0,áno,5000.0,True
2024-03-16T22:19:23.385702,Celkovo - Víťaz,Harabin Štefan,50.0,áno,50.0,True
2024-03-16T22:19:23.385702,Celkovo - Víťaz,Forró Krisztián,5000.0,áno,5000.0,True
2024-03-16T22:19:23.385702,Celkovo - Víťaz,Kotleba Marian,5500.0,áno,5500.0,True
2024-03-16T22:19:23.385702,Celkovo - Víťaz,Danko Andrej,5500.0,áno,5500.0,True
2024-03-16T22:19:23.385702,Celkovo - Víťaz,Náhlik Milan,6000.0,áno,6000.0,True
2024-03-16T22:19:23.385702,Celkovo - Víťaz,Matovič Igor,4500.0,áno,4500.0,True
2024-03-16T22:19:23.385702,Celkovo - Víťaz,Dubovský Patrik,5500.0,áno,5500.0,True
2024-03-16T22:19:23.385702,Celkovo - Víťaz,Švec Róbert,6000.0,áno,6000.0,True
2024-03-17T00:32:57.591991,Celkovo - Víťaz,Pellegrini Peter,1.37,áno,1.37,True
2024-03-17T00:32:57.591991,Celkovo - Víťaz,Korčok Ivan,3.0,áno,3.0,True
2024-03-17T00:32:57.591991,Celkovo - Víťaz,Kubiš Ján,5000.0,áno,5000.0,True
2024-03-17T00:32:57.591991,Celkovo - Víťaz,Harabin Štefan,50.0,áno,50.0,True
2024-03-17T00:32:57.591991,Celkovo - Víťaz,Forró Krisztián,5000.0,áno,5000.0,True
2024-03-17T00:32:57.591991,Celkovo - Víťaz,Kotleba Marian,5500.0,áno,5500.0,True
2024-03-17T00:32:57.591991,Celkovo - Víťaz,Danko Andrej,5500.0,áno,5500.0,True
2024-03-17T00:32:57.591991,Celkovo - Víťaz,Náhlik Milan,6000.0,áno,6000.0,True
2024-03-17T00:32:57.591991,Celkovo - Víťaz,Matovič Igor,4500.0,áno,4500.0,True
2024-03-17T00:32:57.591991,Celkovo - Víťaz,Dubovský Patrik,5500.0,áno,5500.0,True
2024-03-17T00:32:57.591991,Celkovo - Víťaz,Švec Róbert,6000.0,áno,6000.0,True
2024-03-17T02:21:42.047868,Celkovo - Víťaz,Pellegrini Peter,1.37,áno,1.37,True
2024-03-17T02:21:42.047868,Celkovo - Víťaz,Korčok Ivan,3.0,áno,3.0,True
2024-03-17T02:21:42.047868,Celkovo - Víťaz,Kubiš Ján,5000.0,áno,5000.0,True
2024-03-17T02:21:42.047868,Celkovo - Víťaz,Harabin Štefan,50.0,áno,50.0,True
2024-03-17T02:21:42.047868,Celkovo - Víťaz,Forró Krisztián,5000.0,áno,5000.0,True
2024-03-17T02:21:42.047868,Celkovo - Víťaz,Kotleba Marian,5500.0,áno,5500.0,True
2024-03-17T02:21:42.047868,Celkovo - Víťaz,Danko Andrej,5500.0,áno,5500.0,True
2024-03-17T02:21:42.047868,Celkovo - Víťaz,Náhlik Milan,6000.0,áno,6000.0,True
2024-03-17T02:21:42.047868,Celkovo - Víťaz,Matovič Igor,4500.0,áno,4500.0,True
2024-03-17T02:21:42.047868,Celkovo - Víťaz,Dubovský Patrik,5500.0,áno,5500.0,True
2024-03-17T02:21:42.047868,Celkovo - Víťaz,Švec Róbert,6000.0,áno,6000.0,True
2024-03-17T04:20:14.000762,Celkovo - Víťaz,Pellegrini Peter,1.37,áno,1.37,True
2024-03-17T04:20:14.000762,Celkovo - Víťaz,Korčok Ivan,3.0,áno,3.0,True
2024-03-17T04:20:14.000762,Celkovo - Víťaz,Kubiš Ján,5000.0,áno,5000.0,True
2024-03-17T04:20:14.000762,Celkovo - Víťaz,Harabin Štefan,50.0,áno,50.0,True
2024-03-17T04:20:14.000762,Celkovo - Víťaz,Forró Krisztián,5000.0,áno,5000.0,True
2024-03-17T04:20:14.000762,Celkovo - Víťaz,Kotleba Marian,5500.0,áno,5500.0,True
2024-03-17T04:20:14.000762,Celkovo - Víťaz,Danko Andrej,5500.0,áno,5500.0,True
2024-03-17T04:20:14.000762,Celkovo - Víťaz,Náhlik Milan,6000.0,áno,6000.0,True
2024-03-17T04:20:14.000762,Celkovo - Víťaz,Matovič Igor,4500.0,áno,4500.0,True
2024-03-17T04:20:14.000762,Celkovo - Víťaz,Dubovský Patrik,5500.0,áno,5500.0,True
2024-03-17T04:20:14.000762,Celkovo - Víťaz,Švec Róbert,6000.0,áno,6000.0,True
2024-03-17T06:19:53.754603,Celkovo - Víťaz,Pellegrini Peter,1.37,áno,1.37,True
2024-03-17T06:19:53.754603,Celkovo - Víťaz,Korčok Ivan,3.0,áno,3.0,True
2024-03-17T06:19:53.754603,Celkovo - Víťaz,Kubiš Ján,5000.0,áno,5000.0,True
2024-03-17T06:19:53.754603,Celkovo - Víťaz,Harabin Štefan,50.0,áno,50.0,True
2024-03-17T06:19:53.754603,Celkovo - Víťaz,Forró Krisztián,5000.0,áno,5000.0,True
2024-03-17T06:19:53.754603,Celkovo - Víťaz,Kotleba Marian,5500.0,áno,5500.0,True
2024-03-17T06:19:53.754603,Celkovo - Víťaz,Danko Andrej,5500.0,áno,5500.0,True
2024-03-17T06:19:53.754603,Celkovo - Víťaz,Náhlik Milan,6000.0,áno,6000.0,True
2024-03-17T06:19:53.754603,Celkovo - Víťaz,Matovič Igor,4500.0,áno,4500.0,True
2024-03-17T06:19:53.754603,Celkovo - Víťaz,Dubovský Patrik,5500.0,áno,5500.0,True
2024-03-17T06:19:53.754603,Celkovo - Víťaz,Švec Róbert,6000.0,áno,6000.0,True
2024-03-17T08:20:00.401332,Celkovo - Víťaz,Pellegrini Peter,1.37,áno,1.37,True
2024-03-17T08:20:00.401332,Celkovo - Víťaz,Korčok Ivan,3.0,áno,3.0,True
2024-03-17T08:20:00.401332,Celkovo - Víťaz,Kubiš Ján,5000.0,áno,5000.0,True
2024-03-17T08:20:00.401332,Celkovo - Víťaz,Harabin Štefan,50.0,áno,50.0,True
2024-03-17T08:20:00.401332,Celkovo - Víťaz,Forró Krisztián,5000.0,áno,5000.0,True
2024-03-17T08:20:00.401332,Celkovo - Víťaz,Kotleba Marian,5500.0,áno,5500.0,True
2024-03-17T08:20:00.401332,Celkovo - Víťaz,Danko Andrej,5500.0,áno,5500.0,True
2024-03-17T08:20:00.401332,Celkovo - Víťaz,Náhlik Milan,6000.0,áno,6000.0,True
2024-03-17T08:20:00.401332,Celkovo - Víťaz,Matovič Igor,4500.0,áno,4500.0,True
2024-03-17T08:20:00.401332,Celkovo - Víťaz,Dubovský Patrik,5500.0,áno,5500.0,True
2024-03-17T08:20:00.401332,Celkovo - Víťaz,Švec Róbert,6000.0,áno,6000.0,True
2024-03-17T10:19:43.066864,Celkovo - Víťaz,Pellegrini Peter,1.37,áno,1.37,True
2024-03-17T10:19:43.066864,Celkovo - Víťaz,Korčok Ivan,3.0,áno,3.0,True
2024-03-17T10:19:43.066864,Celkovo - Víťaz,Kubiš Ján,5000.0,áno,5000.0,True
2024-03-17T10:19:43.066864,Celkovo - Víťaz,Harabin Štefan,50.0,áno,50.0,True
2024-03-17T10:19:43.066864,Celkovo - Víťaz,Forró Krisztián,5000.0,áno,5000.0,True
2024-03-17T10:19:43.066864,Celkovo - Víťaz,Kotleba Marian,5500.0,áno,5500.0,True
2024-03-17T10:19:43.066864,Celkovo - Víťaz,Danko Andrej,5500.0,áno,5500.0,True
2024-03-17T10:19:43.066864,Celkovo - Víťaz,Náhlik Milan,6000.0,áno,6000.0,True
2024-03-17T10:19:43.066864,Celkovo - Víťaz,Matovič Igor,4500.0,áno,4500.0,True
2024-03-17T10:19:43.066864,Celkovo - Víťaz,Dubovský Patrik,5500.0,áno,5500.0,True
2024-03-17T10:19:43.066864,Celkovo - Víťaz,Švec Róbert,6000.0,áno,6000.0,True
2024-03-17T12:21:04.171134,Celkovo - Víťaz,Pellegrini Peter,1.37,áno,1.37,True
2024-03-17T12:21:04.171134,Celkovo - Víťaz,Korčok Ivan,3.0,áno,3.0,True
2024-03-17T12:21:04.171134,Celkovo - Víťaz,Kubiš Ján,5000.0,áno,5000.0,True
2024-03-17T12:21:04.171134,Celkovo - Víťaz,Harabin Štefan,50.0,áno,50.0,True
2024-03-17T12:21:04.171134,Celkovo - Víťaz,Forró Krisztián,5000.0,áno,5000.0,True
2024-03-17T12:21:04.171134,Celkovo - Víťaz,Kotleba Marian,5500.0,áno,5500.0,True
2024-03-17T12:21:04.171134,Celkovo - Víťaz,Danko Andrej,5500.0,áno,5500.0,True
2024-03-17T12:21:04.171134,Celkovo - Víťaz,Náhlik Milan,6000.0,áno,6000.0,True
2024-03-17T12:21:04.171134,Celkovo - Víťaz,Matovič Igor,4500.0,áno,4500.0,True
2024-03-17T12:21:04.171134,Celkovo - Víťaz,Dubovský Patrik,5500.0,áno,5500.0,True
2024-03-17T12:21:04.171134,Celkovo - Víťaz,Švec Róbert,6000.0,áno,6000.0,True
2024-03-17T14:19:02.000247,Celkovo - Víťaz,Pellegrini Peter,1.37,áno,1.37,True
2024-03-17T14:19:02.000247,Celkovo - Víťaz,Korčok Ivan,3.0,áno,3.0,True
2024-03-17T14:19:02.000247,Celkovo - Víťaz,Kubiš Ján,5000.0,áno,5000.0,True
2024-03-17T14:19:02.000247,Celkovo - Víťaz,Harabin Štefan,50.0,áno,50.0,True
2024-03-17T14:19:02.000247,Celkovo - Víťaz,Forró Krisztián,5000.0,áno,5000.0,True
2024-03-17T14:19:02.000247,Celkovo - Víťaz,Kotleba Marian,5500.0,áno,5500.0,True
2024-03-17T14:19:02.000247,Celkovo - Víťaz,Danko Andrej,5500.0,áno,5500.0,True
2024-03-17T14:19:02.000247,Celkovo - Víťaz,Náhlik Milan,6000.0,áno,6000.0,True
2024-03-17T14:19:02.000247,Celkovo - Víťaz,Matovič Igor,4500.0,áno,4500.0,True
2024-03-17T14:19:02.000247,Celkovo - Víťaz,Dubovský Patrik,5500.0,áno,5500.0,True
2024-03-17T14:19:02.000247,Celkovo - Víťaz,Švec Róbert,6000.0,áno,6000.0,True
2024-03-17T16:20:06.045188,Celkovo - Víťaz,Pellegrini Peter,1.37,áno,1.37,True
2024-03-17T16:20:06.045188,Celkovo - Víťaz,Korčok Ivan,3.0,áno,3.0,True
2024-03-17T16:20:06.045188,Celkovo - Víťaz,Kubiš Ján,5000.0,áno,5000.0,True
2024-03-17T16:20:06.045188,Celkovo - Víťaz,Harabin Štefan,50.0,áno,50.0,True
2024-03-17T16:20:06.045188,Celkovo - Víťaz,Forró Krisztián,5000.0,áno,5000.0,True
2024-03-17T16:20:06.045188,Celkovo - Víťaz,Kotleba Marian,5500.0,áno,5500.0,True
2024-03-17T16:20:06.045188,Celkovo - Víťaz,Danko Andrej,5500.0,áno,5500.0,True
2024-03-17T16:20:06.045188,Celkovo - Víťaz,Náhlik Milan,6000.0,áno,6000.0,True
2024-03-17T16:20:06.045188,Celkovo - Víťaz,Matovič Igor,4500.0,áno,4500.0,True
2024-03-17T16:20:06.045188,Celkovo - Víťaz,Dubovský Patrik,5500.0,áno,5500.0,True
2024-03-17T16:20:06.045188,Celkovo - Víťaz,Švec Róbert,6000.0,áno,6000.0,True
2024-03-17T18:20:21.930573,Celkovo - Víťaz,Pellegrini Peter,1.37,áno,1.37,True
2024-03-17T18:20:21.930573,Celkovo - Víťaz,Korčok Ivan,3.0,áno,3.0,True
2024-03-17T18:20:21.930573,Celkovo - Víťaz,Kubiš Ján,5000.0,áno,5000.0,True
2024-03-17T18:20:21.930573,Celkovo - Víťaz,Harabin Štefan,50.0,áno,50.0,True
2024-03-17T18:20:21.930573,Celkovo - Víťaz,Forró Krisztián,5000.0,áno,5000.0,True
2024-03-17T18:20:21.930573,Celkovo - Víťaz,Kotleba Marian,5500.0,áno,5500.0,True
2024-03-17T18:20:21.930573,Celkovo - Víťaz,Danko Andrej,5500.0,áno,5500.0,True
2024-03-17T18:20:21.930573,Celkovo - Víťaz,Náhlik Milan,6000.0,áno,6000.0,True
2024-03-17T18:20:21.930573,Celkovo - Víťaz,Matovič Igor,4500.0,áno,4500.0,True
2024-03-17T18:20:21.930573,Celkovo - Víťaz,Dubovský Patrik,5500.0,áno,5500.0,True
2024-03-17T18:20:21.930573,Celkovo - Víťaz,Švec Róbert,6000.0,áno,6000.0,True
2024-03-17T20:20:07.387846,Celkovo - Víťaz,Pellegrini Peter,1.37,áno,1.37,True
2024-03-17T20:20:07.387846,Celkovo - Víťaz,Korčok Ivan,3.0,áno,3.0,True
2024-03-17T20:20:07.387846,Celkovo - Víťaz,Kubiš Ján,5000.0,áno,5000.0,True
2024-03-17T20:20:07.387846,Celkovo - Víťaz,Harabin Štefan,50.0,áno,50.0,True
2024-03-17T20:20:07.387846,Celkovo - Víťaz,Forró Krisztián,5000.0,áno,5000.0,True
2024-03-17T20:20:07.387846,Celkovo - Víťaz,Kotleba Marian,5500.0,áno,5500.0,True
2024-03-17T20:20:07.387846,Celkovo - Víťaz,Danko Andrej,5500.0,áno,5500.0,True
2024-03-17T20:20:07.387846,Celkovo - Víťaz,Náhlik Milan,6000.0,áno,6000.0,True
2024-03-17T20:20:07.387846,Celkovo - Víťaz,Matovič Igor,4500.0,áno,4500.0,True
2024-03-17T20:20:07.387846,Celkovo - Víťaz,Dubovský Patrik,5500.0,áno,5500.0,True
2024-03-17T20:20:07.387846,Celkovo - Víťaz,Švec Róbert,6000.0,áno,6000.0,True
2024-03-17T22:19:33.046680,Celkovo - Víťaz,Pellegrini Peter,1.37,áno,1.37,True
2024-03-17T22:19:33.046680,Celkovo - Víťaz,Korčok Ivan,3.0,áno,3.0,True
2024-03-17T22:19:33.046680,Celkovo - Víťaz,Kubiš Ján,5000.0,áno,5000.0,True
2024-03-17T22:19:33.046680,Celkovo - Víťaz,Harabin Štefan,50.0,áno,50.0,True
2024-03-17T22:19:33.046680,Celkovo - Víťaz,Forró Krisztián,5000.0,áno,5000.0,True
2024-03-17T22:19:33.046680,Celkovo - Víťaz,Kotleba Marian,5500.0,áno,5500.0,True
2024-03-17T22:19:33.046680,Celkovo - Víťaz,Danko Andrej,5500.0,áno,5500.0,True
2024-03-17T22:19:33.046680,Celkovo - Víťaz,Náhlik Milan,6000.0,áno,6000.0,True
2024-03-17T22:19:33.046680,Celkovo - Víťaz,Matovič Igor,4500.0,áno,4500.0,True
2024-03-17T22:19:33.046680,Celkovo - Víťaz,Dubovský Patrik,5500.0,áno,5500.0,True
2024-03-17T22:19:33.046680,Celkovo - Víťaz,Švec Róbert,6000.0,áno,6000.0,True
2024-03-18T00:31:47.721510,Celkovo - Víťaz,Pellegrini Peter,1.37,áno,1.37,True
2024-03-18T00:31:47.721510,Celkovo - Víťaz,Korčok Ivan,3.0,áno,3.0,True
2024-03-18T00:31:47.721510,Celkovo - Víťaz,Kubiš Ján,5000.0,áno,5000.0,True
2024-03-18T00:31:47.721510,Celkovo - Víťaz,Harabin Štefan,50.0,áno,50.0,True
2024-03-18T00:31:47.721510,Celkovo - Víťaz,Forró Krisztián,5000.0,áno,5000.0,True
2024-03-18T00:31:47.721510,Celkovo - Víťaz,Kotleba Marian,5500.0,áno,5500.0,True
2024-03-18T00:31:47.721510,Celkovo - Víťaz,Danko Andrej,5500.0,áno,5500.0,True
2024-03-18T00:31:47.721510,Celkovo - Víťaz,Náhlik Milan,6000.0,áno,6000.0,True
2024-03-18T00:31:47.721510,Celkovo - Víťaz,Matovič Igor,4500.0,áno,4500.0,True
2024-03-18T00:31:47.721510,Celkovo - Víťaz,Dubovský Patrik,5500.0,áno,5500.0,True
2024-03-18T00:31:47.721510,Celkovo - Víťaz,Švec Róbert,6000.0,áno,6000.0,True
2024-03-18T02:21:29.355232,Celkovo - Víťaz,Pellegrini Peter,1.37,áno,1.37,True
2024-03-18T02:21:29.355232,Celkovo - Víťaz,Korčok Ivan,3.0,áno,3.0,True
2024-03-18T02:21:29.355232,Celkovo - Víťaz,Kubiš Ján,5000.0,áno,5000.0,True
2024-03-18T02:21:29.355232,Celkovo - Víťaz,Harabin Štefan,50.0,áno,50.0,True
2024-03-18T02:21:29.355232,Celkovo - Víťaz,Forró Krisztián,5000.0,áno,5000.0,True
2024-03-18T02:21:29.355232,Celkovo - Víťaz,Kotleba Marian,5500.0,áno,5500.0,True
2024-03-18T02:21:29.355232,Celkovo - Víťaz,Danko Andrej,5500.0,áno,5500.0,True
2024-03-18T02:21:29.355232,Celkovo - Víťaz,Náhlik Milan,6000.0,áno,6000.0,True
2024-03-18T02:21:29.355232,Celkovo - Víťaz,Matovič Igor,4500.0,áno,4500.0,True
2024-03-18T02:21:29.355232,Celkovo - Víťaz,Dubovský Patrik,5500.0,áno,5500.0,True
2024-03-18T02:21:29.355232,Celkovo - Víťaz,Švec Róbert,6000.0,áno,6000.0,True
2024-03-18T04:20:20.796419,Celkovo - Víťaz,Pellegrini Peter,1.37,áno,1.37,True
2024-03-18T04:20:20.796419,Celkovo - Víťaz,Korčok Ivan,3.0,áno,3.0,True
2024-03-18T04:20:20.796419,Celkovo - Víťaz,Kubiš Ján,5000.0,áno,5000.0,True
2024-03-18T04:20:20.796419,Celkovo - Víťaz,Harabin Štefan,50.0,áno,50.0,True
2024-03-18T04:20:20.796419,Celkovo - Víťaz,Forró Krisztián,5000.0,áno,5000.0,True
2024-03-18T04:20:20.796419,Celkovo - Víťaz,Kotleba Marian,5500.0,áno,5500.0,True
2024-03-18T04:20:20.796419,Celkovo - Víťaz,Danko Andrej,5500.0,áno,5500.0,True
2024-03-18T04:20:20.796419,Celkovo - Víťaz,Náhlik Milan,6000.0,áno,6000.0,True
2024-03-18T04:20:20.796419,Celkovo - Víťaz,Matovič Igor,4500.0,áno,4500.0,True
2024-03-18T04:20:20.796419,Celkovo - Víťaz,Dubovský Patrik,5500.0,áno,5500.0,True
2024-03-18T04:20:20.796419,Celkovo - Víťaz,Švec Róbert,6000.0,áno,6000.0,True
2024-03-18T06:20:49.698450,Celkovo - Víťaz,Pellegrini Peter,1.37,áno,1.37,True
2024-03-18T06:20:49.698450,Celkovo - Víťaz,Korčok Ivan,3.0,áno,3.0,True
2024-03-18T06:20:49.698450,Celkovo - Víťaz,Kubiš Ján,5000.0,áno,5000.0,True
2024-03-18T06:20:49.698450,Celkovo - Víťaz,Harabin Štefan,50.0,áno,50.0,True
2024-03-18T06:20:49.698450,Celkovo - Víťaz,Forró Krisztián,5000.0,áno,5000.0,True
2024-03-18T06:20:49.698450,Celkovo - Víťaz,Kotleba Marian,5500.0,áno,5500.0,True
2024-03-18T06:20:49.698450,Celkovo - Víťaz,Danko Andrej,5500.0,áno,5500.0,True
2024-03-18T06:20:49.698450,Celkovo - Víťaz,Náhlik Milan,6000.0,áno,6000.0,True
2024-03-18T06:20:49.698450,Celkovo - Víťaz,Matovič Igor,4500.0,áno,4500.0,True
2024-03-18T06:20:49.698450,Celkovo - Víťaz,Dubovský Patrik,5500.0,áno,5500.0,True
2024-03-18T06:20:49.698450,Celkovo - Víťaz,Švec Róbert,6000.0,áno,6000.0,True
2024-03-18T08:20:23.036956,Celkovo - Víťaz,Pellegrini Peter,1.4,áno,1.4,True
2024-03-18T08:20:23.036956,Celkovo - Víťaz,Korčok Ivan,2.9,áno,2.9,True
2024-03-18T08:20:23.036956,Celkovo - Víťaz,Kubiš Ján,5500.0,áno,5500.0,True
2024-03-18T08:20:23.036956,Celkovo - Víťaz,Harabin Štefan,50.0,áno,50.0,True
2024-03-18T08:20:23.036956,Celkovo - Víťaz,Forró Krisztián,5500.0,áno,5500.0,True
2024-03-18T08:20:23.036956,Celkovo - Víťaz,Kotleba Marian,6000.0,áno,6000.0,True
2024-03-18T08:20:23.036956,Celkovo - Víťaz,Danko Andrej,6500.0,áno,6500.0,True
2024-03-18T08:20:23.036956,Celkovo - Víťaz,Náhlik Milan,6500.0,áno,6500.0,True
2024-03-18T08:20:23.036956,Celkovo - Víťaz,Matovič Igor,5000.0,áno,5000.0,True
2024-03-18T08:20:23.036956,Celkovo - Víťaz,Dubovský Patrik,6000.0,áno,6000.0,True
2024-03-18T08:20:23.036956,Celkovo - Víťaz,Švec Róbert,6500.0,áno,6500.0,True
2024-03-18T10:20:01.753312,Celkovo - Víťaz,Pellegrini Peter,1.4,áno,1.4,True
2024-03-18T10:20:01.753312,Celkovo - Víťaz,Korčok Ivan,2.9,áno,2.9,True
2024-03-18T10:20:01.753312,Celkovo - Víťaz,Kubiš Ján,5500.0,áno,5500.0,True
2024-03-18T10:20:01.753312,Celkovo - Víťaz,Harabin Štefan,40.0,áno,40.0,True
2024-03-18T10:20:01.753312,Celkovo - Víťaz,Forró Krisztián,5500.0,áno,5500.0,True
2024-03-18T10:20:01.753312,Celkovo - Víťaz,Kotleba Marian,6000.0,áno,6000.0,True
2024-03-18T10:20:01.753312,Celkovo - Víťaz,Náhlik Milan,6500.0,áno,6500.0,True
2024-03-18T10:20:01.753312,Celkovo - Víťaz,Matovič Igor,5000.0,áno,5000.0,True
2024-03-18T10:20:01.753312,Celkovo - Víťaz,Dubovský Patrik,6000.0,áno,6000.0,True
2024-03-18T10:20:01.753312,Celkovo - Víťaz,Švec Róbert,6500.0,áno,6500.0,True
2024-03-18T12:21:11.797171,Celkovo - Víťaz,Pellegrini Peter,1.4,áno,1.4,True
2024-03-18T12:21:11.797171,Celkovo - Víťaz,Korčok Ivan,2.9,áno,2.9,True
2024-03-18T12:21:11.797171,Celkovo - Víťaz,Kubiš Ján,5500.0,áno,5500.0,True
2024-03-18T12:21:11.797171,Celkovo - Víťaz,Harabin Štefan,40.0,áno,40.0,True
2024-03-18T12:21:11.797171,Celkovo - Víťaz,Forró Krisztián,5500.0,áno,5500.0,True
2024-03-18T12:21:11.797171,Celkovo - Víťaz,Kotleba Marian,6000.0,áno,6000.0,True
2024-03-18T12:21:11.797171,Celkovo - Víťaz,Náhlik Milan,6500.0,áno,6500.0,True
2024-03-18T12:21:11.797171,Celkovo - Víťaz,Matovič Igor,5000.0,áno,5000.0,True
2024-03-18T12:21:11.797171,Celkovo - Víťaz,Dubovský Patrik,6000.0,áno,6000.0,True
2024-03-18T12:21:11.797171,Celkovo - Víťaz,Švec Róbert,6500.0,áno,6500.0,True
2024-03-18T14:20:11.317704,Celkovo - Víťaz,Pellegrini Peter,1.4,áno,1.4,True
2024-03-18T14:20:11.317704,Celkovo - Víťaz,Korčok Ivan,2.9,áno,2.9,True
2024-03-18T14:20:11.317704,Celkovo - Víťaz,Kubiš Ján,5500.0,áno,5500.0,True
2024-03-18T14:20:11.317704,Celkovo - Víťaz,Harabin Štefan,40.0,áno,40.0,True
2024-03-18T14:20:11.317704,Celkovo - Víťaz,Forró Krisztián,5500.0,áno,5500.0,True
2024-03-18T14:20:11.317704,Celkovo - Víťaz,Kotleba Marian,6000.0,áno,6000.0,True
2024-03-18T14:20:11.317704,Celkovo - Víťaz,Náhlik Milan,6500.0,áno,6500.0,True
2024-03-18T14:20:11.317704,Celkovo - Víťaz,Matovič Igor,5000.0,áno,5000.0,True
2024-03-18T14:20:11.317704,Celkovo - Víťaz,Dubovský Patrik,6000.0,áno,6000.0,True
2024-03-18T14:20:11.317704,Celkovo - Víťaz,Švec Róbert,6500.0,áno,6500.0,True
